,Train loss,Test loss
0,108.90387902910967,70605.34676128291
1,37.096380624467905,71.33597612286425
2,36.71343958907745,27.236597418913828
